COMMENT_ID,AUTHOR,DATE,CONTENT,CLASS
z12rwfnyyrbsefonb232i5ehdxzkjzjs2,Lisa Wellas,,Makasih alii,1
z130wpnwwnyuetxcn23xf5k5ynmkdpjrj04,jason graham,2015-05-29T02:26:10.652000,yo nanti ku share,0
z13vsfqirtavjvu0t22ezrgzyorwxhpf3,Ajkal Khan,,disini yang masuk KKO ada yang pernah pake base64 nya python buat crypto dalam penerapan cbc.  kalau ada bisa dong shere ilmunyaaa,1
z12wjzc4eprnvja4304cgbbizuved35wxcs,Dakota Taylor,2015-05-29T02:13:07.810000,"Serius tadi dikelas B fuzzy logic, sampe full Ada Yang berdiri gak kebagiaan tempat duduk",0
z13xjfr42z3uxdz2223gx5rrzs3dt5hna,Jihad Naser,,Bukan gais,1
z133yfmjdur4dvyjr04ceh2osl2fvngrqi4,Darrion Johnson,2015-05-29T01:27:30.360000,Bu wahyu,0
z12zgrw5furdsn0sc233hfwavnznyhicq,kyeman13,,Siapa dosennya?,1
z12vxdzzds2kzzrzq04cdjc4ozq2szuyl5o,Damax,2015-05-29T00:41:22.426000,Baru 11 oramg yg dtg,0
z12gxdortqzwhhqas04cfjrwituzghb5tvk0k,Muhammad Asim Mansha,,Ininudh d kelas,1
z132wd4ywmicxj2gn04cdfhilyryjhmjhk00k,JuanPa Rap,2015-05-28T23:23:41.231000,Mau otw hujan,0
z13si1rx3nnbshdoj04cinipcqzwsdhq0bc,Mjt12,,Serius?,1
z13hwbshcnrhztsw204cirfgvregzvywmag,emily 13,2015-05-28T23:10:37.700000,dahnpada tidur,0
z13nsd141x24yjh2m224xvlhisrqet4pj04,TheJohnRage,,scr,1
z132ib3jvvqvzjj5t04ccrequzy5jhvr5ps0k,William Davis,2015-05-28T22:42:19.185000,Koe apa cuy,0
z13puxp4xp35shhfy22bxx5pqlecxhqgc04,Ashleigh_ Baise,2015-05-28T22:21:26.037000,udah,0
z13kyh3gdnnzdvxjt04ch5xzwlvjyfujpik,Lauralyn Karoll,,Udah pada masuk belum euy,1
z12lhjtxlsisx55yu04cjp3x2mnmu34bh3g,Shirley Lim,,Yang ambil fuzzy logic kelas A,1
z13hhxajgrnldjmn523dsjqynsewilbm1,TMCB production (Instrumental Beats),,ga ngerti aing ,1
z12xurdj0qznephwg04cftq5rszgxdnq0xw0k,Sylith,2015-05-28T21:50:26.114000,Mbok jangan protes2 kasian Bu Anitaku yang cantik jadi gak tidur,0
z13isdtoikvzjlkij04cjxchbpv1tvpgmx40k,nepaladventure,,"salah iki wkwkwkkwk, libur diperpanjang kok",1
z13qf1qgcyigy14mx223iv2yqxb5ebze4,Pugnsuit,2015-05-28T21:32:08.714000,"Eh iya bener,  tapi tetep masuk neraka yaa.  Surganya udh penuh",0
z13tyhj4drvcxzllt222tvwp3qi1e34ju04,Inga Lomidze,,"Bohong dosa ,dosa tobat",1
z12fcjxowubrsnwx104cftlgcpfzw5uwbug0k,Izana,2015-05-28T20:46:16.348000,Kalau bohong masuk neraka loh,0
z12yg3dp5kf0hnbdj23aftm4iovygt32c,Daniel Klous,2015-05-28T20:24:21.778000,Tgl an nya ,0
z13xstfb3srrybsb404ccl5w4u3gin4pliw,Martin G√©bele MUSIC,,Jangan bohong sama yang tua,1
z12nebyotsjgdxusi22nwj04pzypjx4ti,Crudgy,,Masuk,1
z13ke3jo2mejdbj3v22rslzzwuekwhsch,Joyce Jones,,angan bohong sama yang tua,1
z13gvxshio2lcx1fx22oc3jplwmhzrpsz,Hambro,,Serius ini teh?,1
z12litdrrkzmg51kn23ghl2rctvttp0c4,LIL TEZ,2015-05-28T20:11:52.781000,diperpanjang 1minggu liburnya,0
z13mwrzgekanfjbnw23pgfwzwzf4wxgwv04,Maryf,2015-05-28T19:27:42.212000,libur,0
z12wefdg1w2sz3ase22tsd4j2xn1ybakp,There's No Saving Grace (FreakOffLeash),,"Punten,  besok kuliah masuk?",1
z12phhz5snysw5yn122xtjtiennhtlqc5,Kishore sl,2015-05-28T18:41:47.260000,Ada2 aja maba,0
z121djwacsnbjhafe22nfvj5fuqti5i0t,Dragon Addict,2015-05-28T17:49:36.288000,bukannya emang smt 2 kita kemaren masih diatur sama kampus ya ,0
z12txfjzxvnaez5ov04cgjkbhnrnt3nzv04,Belinda Mitchell,,"Pantesan indonesia gak bisa maju, orang2nya aja kaya begini susah di ajak nganggur",1
z125zruy3pfweniga04celt52kjjjxvgik40k,Klaudia Marysol,,ya gpplah njer drpd kau nganggurin diri anjir,1
z133sdliqlyvjldpn04cdxfhltqeen2gtsc0k,Rachael Knapp,,"Mendingan kamu ambil 18sks aja,  bilang ke ortu ambil 22 sks.  Lumayan 175x4 bisa buat ke lombok",1
z12bdbbiyljvspiop04cgxpzmz3fgn2zppw0k,susie johnson,2015-05-28T17:27:31.425000,Biasa saja,0
z12ruf1qbzv5xxdqq04cgjmiknmhx1mq314,Playboy 808,2015-05-28T17:25:06.652000,"Gak marah euy,  cuman terkejut saja",0
z13ss524vpztvf2de23cyz2bmlfbvtcx304,Melissa Erhart,,Emak≤ marah,1
z13uhpnygtntxr1q104cdb441oz0c5lz3yk0k,melissa delaney,,Kamu udah ambil kp ambil etika juga.  Astaga senengnya ribetin diri,1
z12hsdhwjqesj54wz04cc5aikwemsrarvak,Ben Romanucci,,Rendra Prames,1
z12evpx4aliqc1fmp22sifxaiubaxrwre04,kevin alvarado,,Ada yang ngambil etika profesi ga ya?,1
z13gctgbhzitfr1up22axlkztzntfvjzt04,mona lavallee,,"Minta doanya gan,  kasian rani jauh2 ke lombok malah jadi kaya begitu.  Semoga tuhan memberi hidayah dan kembali lagi menjadi @Rani Beta Yang bar2 seperti dulu.",1
z13ktfeorojjx3dbd04cdzngspmlzj5qghs,Daniel Wagemans,,Wkwk,1
z12asj4zop3ktr1le22ac54rmryqg321y,Greg Porter,,Acc via japri mang,1
z12avrn4pmaaw34bc04cjfhhjvuazn3w0qk0k,Chris Faith,,Okk siap mangg,1
z12ofn4qmkmadrykm22bw5dgns3cxjcrh04,sonia prudencio,2015-05-28T16:58:53.855000,Mohh,0
z130wtjzpzjvzdtrf04cd5e4zpehgro5eoo0k,Romulus IV,2015-05-28T16:09:13.677000,bareng aku yaa,0
z12qslfpnzyytzhfs23sxzpo0zjnibzw404,awsome models,,"Besok aing balik mang, kalau bisa nitio euy",1
z134hvbh0uqsvrhvc22bd5irmlnsxll4f04,Kyle Joyce,,Malah ane udah di acc mang,1
z12vv12yzxuzhnaw104cg3hyboiwyvc4ea0,CypherBrothers,,Minta acc besok bisa brati ya bos,1
z13zety5rwintlwlp23jtf5gxtalhlqrx04,Lynda Johnson,2015-05-28T15:19:53.599000,Okok shiapp,0
z12pivfwewrbghj5504ccf5binmnurn5chg,Bryan Carter,,25 mang,1
z12ujdnhpwroej3rd04cgrlguunjdnfwmkc0k,Bo Lancin√© MAGASSOUBA,2015-05-28T11:47:37.722000,Unttuk Acc krs kapan telat nya cuy,0
z12zfn0hzpazglcqa04cel05ixmujrq4ns40k,Supernatural Kubilay,2015-05-28T07:23:37.637000,INFO DARI PERPUSTAKAAN: ,0
z12mjlfh2wyzzzc3e22sehuzmmjmstlv2,Bilinmeyenin Bilinmeyeni,,"Bagi mahasiswanya yg mau jilid Hard Cover Laporan KP atau TA yang akan dikumpulkan ke Perpustakaan, sebelum dijilid diminta",1
z13ahxgwpxvqwdc5l04cfx04zujse1vqprc0k,Janie Musgrove,,ke perpustakaan dahulu utk konfirmasi dan diberikan contoh warna baru yg skrg sudah disesuaikan utk setiap prodi. Utk meminimalkan kesalahan warna ketika jilid. Terimakasih.,1
z13agbcrkp34wjdgl04cefs5lvvcxzeoj0s,Karen Cook,,Google form pengumpulan 10++,1
LneaDw26bFt7RP87Zm4xWaDRwG5SE0XUHC_YBbvPQhQ,ultimatecleanmusic,,"yg ketemu pak suyud, nama ku masukin list kelas Adm Web Server... kalau mau buka kelas baru yah",1
LneaDw26bFshLT1-9YrPxWqbLzAdCIz2qsKDoIM2SDY,DJ ROY,,Bahagia liat kalian ngeprank bapak suyud wkwk,1
z13dd1easxeqvnjxj04cerrianuqvzhyh3g,Puan Sha Zamri,2015-05-28T07:22:25.813000,Ada yang punya no wa buk wahyu,0
z12dhdyq0lrxvfnkc23audjzgyjlhjoi204,andrewregino1,,Kata pak suyud boleh tulis tangan,1
LneaDw26bFsY5GVSw7Ysrp_qYtM0fQNxxmgXMIejcys,Pedazo Astur,,Iya bener,1
LneaDw26bFspn3Az6aidHV7B4bezpM4wwmxPZdnRcI0,A Way With Words,,Di sia kah ??,1
z13bjd54knqthbzis04cjb5xxsydfhzqejk,Louis Serano,,Yang suruh ngelengkapi identitas,1
z13cxvn4hyjbyjiab04cepiynzaihpmpp24,Muhamat Agus,2015-05-28T06:20:49.335000,Ini yang di mana si ??,0
z12yzzqoozqieho4x04ci12qbrzhyzyyvjg,iSmartKid,2015-05-28T03:27:18.079000,Nyawer duit lah ri,0
z13fybbinsbfsxkmp22xcdlr1lqjuzi5i04,Jodie Jackson,2015-05-28T01:55:43.908000,"bukan, pak",0
LneaDw26bFt7AvG8x15igOZvrWApak5Zh5-PPag9YTs,themagicmangotree,,geng untuk KP yg ga ada di daftar belanja lagi diurus katanya,1
LneaDw26bFvYw369Q5okcXCmHP7yDxn75UhHEKdI8Kc,AllDailyVines,,"Jukok TA wae , ben langsung lulus",1
LneaDw26bFsR_suTFQXPd6_Nuv-oikecM7Vx539o-2k,Samantha Sawyer,,hee sisa 20,1
z124ipdjxtumszl0c23schdzqpb0xvczx04,Tajuanna Davis,,sks ku masih sisa 20,1
LneaDw26bFscYlZhrdft-O6Q7koeIpT4s4zpkbDHxl4,FreshX,,Malah kurang,1
LneaDw26bFsrleSoC9hVAdk8QmJCwfmQ1BuBDhQBQ6E,Wild 'N' Out,,Punyaku aja kurang 3sks,1
z13durcjdm23ifwo204cfxhzawawsrmps24,Alura Patterson,2015-05-28T01:51:54.181000,Aku gak ambil krs lebih e,0
z12ied2xrpvuyrhkw224hxphqrzeev5s2,Cristian Sepulveda,2015-05-28T01:47:29.843000,Anjay ,0
LneaDw26bFuUatkiFUWLUY4JNw8D3HREKe8cD134B3U,Michael J. Cabose,,bom BO jep,1
z12buhk4iou1g3jl322ts5mzltm4fdhpz04,RoyEpperson,2015-05-28T00:59:58.305000,Padahal uda ditanya in Sama bu wahyu kata nya beliau uda dikasih ke bo,0
z13hcbfavrmgdz5df23nvnewnrbqj31vr,TheSkullcrusher73,2015-05-28T00:13:57.590000,Wah parah Bo ma,0
z13ui5tzlzucinaab04chvzqps22cxhznxc0k,Sebastian Martinez,2015-05-27T23:35:12.915000,Nanti gak dapat jadwal li Yang diingin kan li,0
z13ufngwhsmyedddo23yhp3hroypufsmz,Febe Gonzalez,2015-05-27T21:01:51.708000,"Misi mbak/mas. Kalau kita ingin mengulang mata kuliah di semester sebelumnya, apakah kode mata kuliahnya harus yg sama seperti kode mata",0
LneaDw26bFv6O3PTavPjpuAqyBikCq_8e6hyf4UjzYU,Michael J. Cabose,,"kuliah sebelumnya juga gak ya? Misalnya saya ingin mengulang TBO, di semester sebelumnya akhiran kode mata kuliahnya 17, nah di semester sekarang akhirannya 18. Apakah bisa harus sama atau tidak?",1
z13xcrw5xrregt5gu04cg5rrtl3mwdkp33o,Laura Da Silva,2015-05-27T20:53:19.614000,Kalo masih se kurikulum gapapa,0
z13seb1gkmvqd1qne22ef3uihziwzlpqc04,Bayern Franken,2015-05-27T20:37:13.947000,beda kurkum,0
z134hfcw5v20ztroh04cjv4aezyaz5lq3zs0k,Tyler Gilman,,mending tanya pak suyud,1
LneaDw26bFuiuUSZ-vXu3wz5XEsS6fhI7SHFsSXLcdo,ViperFoe,,Iya akhiran 17 &  18 itu kurikulumnya,1
z13oexlyfxivznriw04cdxmqqpmgy3bi5z40k,Jimmy Hopkins,2015-05-27T20:02:52.297000,Sampun mas. Belum dibalas,0
z12oyrwohnngydher22nvh2qqvmtcvqo004,Dale Sullivan,2015-05-27T19:09:05.210000,Coba ke grup sebelah mas.  Karna chat saya juga belum terbaleskan,0
LneaDw26bFuP3B-am8XnZ--Od7F-JAwYOX4wwSK6Z64,volleyballspikerable,,Grup sebelah yg mana mbak? Grup saya MLM semua haha,1
LneaDw26bFutstEGU6gC3skDv8gnI8WnvWwvbuw3TP0,DanteBTV,,"siap, di tunggu aja. kalo ga dibalas pak suyud biar tuhan yg balas wkwkwkk",1
LneaDw26bFvx3P5m9aHNEmwxaQJ2-C9iXQYdJD8fpiA,DanteBTV,,"Waduh, Tuhan gak punya whatsapp mas hehe",1
z12ithhjbzzhwdmy504cfd4ypkiiizlbg3k,Ali Baza,2015-05-27T18:33:10.607000,kawan2 kalau ada yg mau ke BO tanyain soal matkul yg penuh kuota...  apa akan dibukan kelas tambahan atau nga?,0
LneaDw26bFuYQhgPVcKoJxOS7aSiV7l-Ce25QwQEabw,Josephine Monti,,adm web server ri?,1
z12ey1yzeo3quba4j04cfri44zazflihkes,Aurora Calvanelli,2015-05-27T18:00:23.754000,"iya ga kebagian ,wy",0
z13qjrqjnqbcvnpeg23lubsaezyzx1wti,LXZNY,2015-05-27T17:47:58.539000,padahal udah pagi banget buka SIA nya,0
LneaDw26bFsE40L22WKVUqwIkp6g-YbHB2NgDr9DNo8,Dakoda Bigelow,,aku jam 8 baru krs an,1
z13ddxrp0kv1gb13u22xudej0xrfwjk1f,ankan412,2015-05-27T17:38:49.616000,dpt tu kelas aokwoaka,0
z134d5u5gkeeudxkj234wpgbxxezi1eb104,UserGamer51 _,2015-05-27T17:33:07.626000,wtf,0
z13sgp25fzybg11lc23bhncaipqvgz14q04,Fill Reseni,2015-05-27T17:10:53.724000,MPPL sama Bu yuli sing pgn ngerti rekap nilai bisa dilihat di e learning beliau,0
z12pxz2gvtrzfntqz04chluidzjvtr0yf04,Amer Amer,2015-05-27T15:40:48.105000,RO kelas B belum keluar nilai nya sad ,0
z12ndfzrsunjyji1522exnrwcl3rt11eh,AliBerk √ñzer,2015-05-27T15:16:59.137000,Gimana mau input nilai,0
z12mw1oyume1vb3by04ci3u5it3pgbbgrng0k,King Kunta,2015-05-27T09:59:32.192000,Input krs,0
LneaDw26bFt04z-5gd60QQsZAfjRxMsf7yqOomgDuvg,Joden Brett,,masih ada waktu sampek tgl 25 kan?,1
z13gi54oqrf2hlkxg04cedchhrnjy13oj4s,GB REEFAT,2015-05-27T07:44:24.226000,"Udah ku ganti cill,  makasihh infonyaa",0
z13suzmh3uztgzwpo04cczvhfqfyifcawws0k,char mcleod,,Aku gak pernah konsentrasi,1
LneaDw26bFsatnacZXb_S1v2dOV0EyaNuykTxwkPmWg,101Tele,,Enang,1
z12ecbfbewzlxxe5u04cjtmhqnzsdvyx1vs0k,leslie mendoza,2015-05-27T04:28:42.896000,"Dhif, deep learning g boleh di ambil, kata produ salah input",0
LneaDw26bFtwg5A1ijrcWVqI_5EptEDoyiygIJl5Xp4,real money,,emang boleh ambil matkul yg ga sesuai dengan konsentrasi?,1
LneaDw26bFtiRx1bZC7n8eZ5ZsRoXrrrfdVu_92PJd4,SlimShadyPG,,Tapi lau tau ndiri dosennya kek apa sih,1
LneaDw26bFu5UYF_PGCmMngzhI9QbSqmuO8zWFK0DCk,MegaEvilMonkee,,Ambil pmrograman mobile lanjut aja cuy,1
LneaDw26bFs8EyO6vOIKjYpRt-sa-JxqbsTjjcbiPaQ,Adela Korman,,Kau ada kenalan orang dalem biar aku bisa masuk surga?,1
LneaDw26bFuLqTvlvHELy-tdwJHJYoSpv3zRbTj-5SQ,Adela Korman,,"jalan orang dalam ,pasti bener",1
z13acfnbooefdzs4b04chtqjgyu0g5qqmgg,Sean Gormaly,2015-05-27T01:47:25.865000,Kirain ngasih tau lo wkwk,0
z13sy3uphtayfrujz04citigxpnfj5c4gk00k,DrAxel81,2015-05-26T23:58:40.132000,Kuyanggg,0
LneaDw26bFu5aHCxlCYOFf1hW49mEQ4diJ3yjwxuW3U,Chuck Norris,,Belommmm,1
LneaDw26bFv9-vkMJy7kInsCbJzQ8qlJ8oUz9N7WfFQ,DanteBTV,,nilai pemmob praktek dah out,1
LneaDw26bFsJd_Nwz5Hi7qWxPhPBjDRYOlUjtLgDwsk,DanteBTV,,Okee suwunn,1
LneaDw26bFvAsBvYZLuVc3cJCI65rJQ9A-wZAcukfp0,101Tele,,Kayakne sisane iso jumuk matkul smeter ngarep,1
LneaDw26bFupwvoW3Go_MqiZr35wklInwfOlKebxCYE,Anon,,Kurang tau bang,1
LneaDw26bFvnMp5q__XiHBvyky8sw2uF9b-ZfDZi2to,WeTheDopeSquad,,15 nek g salah,1
LneaDw26bFvxF3dtP-JPmr1RRfbcmnhR8cXBDGWcO2M,AllDailyVines,,Bacot ya alim,1
z12svjz4pt3sxvser22cgdsbnyfwtn55l04,Emma Fedorova,2015-05-26T22:16:39.932000,"Guys kalo belum ngambil kp pas semester 6, kita ambil sks nya 15 sks apa tetep 18 sks?",0
LneaDw26bFtwtT8_LopWaaxY8Oyx9gsb7cJXYi2g9_E,Brandtastic 1080,,Chat li sing ndue nomore,1
LneaDw26bFs87f8zCtdgtSzADarWSHU_uPcclXWKxms,Andrew Guasch,,li,1
LneaDw26bFt2UN5Rat9A-sFv7kHQK3u5BwCCi0L8W1s,DanteBTV,,li,1
z13zzjea3lrdfpk3323gttf4qtvwdbuhh04,Zach Myers,2015-05-26T19:46:46.819000,li,0
z13czbe5wuelthefr22uit3o4m32v3f4q04,Chris Edgar,2015-05-26T18:40:11.037000,li,0
z13pevnyjqyyi1o0a23wtbkiukzfcbz3j,Jakab Norbert,2015-05-26T17:26:02.908000,li,0
z13xg5zjtp3sfxm4a04cf1bolmzvu154bto0k,Marsonal Carrey,2015-05-26T17:25:43.332000,li,0
LneaDw26bFs2gfQVXn0iARlUHD77c23Quer_0vQFKR4,Jacob Johnson,,li,1
z124ixlgtxrxeliqw04ccr5auumhzbezcbo,Sean Messi Y.,2015-05-26T17:12:28.337000,li,0
LneaDw26bFvEU1KP4pLe6ZX7ShycVVArHO-hQyOPKYI,Laura Brown,,gada nomer nya,1
z12vilga4u3yjpvse23pst05vsy0xtikh,acgillespie,2015-05-26T17:09:09.703000,Yang bersedia mintain,0
LneaDw26bFugQanw0UtVOqzEgWt6mBD0k6SsEV7u968,Jacob Johnson,,"minta sama dosennya, dosennya ga ada disini wkwkwkwkk",1
z13gy34yyoexwhe2k23bwbb45pmoynthn04,Sylvie Clinkemaillie,2015-05-26T16:53:49.753000,Rekap nilai mppl dong,0
LneaDw26bFvpsz7rRi--uuuhcXD8DdMabES0ZpcLQlQ,Jacob Johnson,,diapusi mulo reti we qon?,1
LneaDw26bFsyF8tOZ0xw7y8WVG6yqAbDgX-tObOFJHo,Laura Brown,,Infonya,1
z12wxljzemu3y5op504chzxqwkqkezor5nw0k,Maeva Bahlouli,2015-05-26T16:14:09.434000,Makasih o,0
z12ts5g4zmekx3jxu04ce5wbesfkx1lrhxo0k,awsome6948,2015-05-26T15:26:55.753000,"PK udah men, cuman gak nampak aja itu nilai abjad nya, lihat di total nilai",0
z13hdld4pqabztczx04cgvka1wnvtlxaxqk0k,Ìò∏ÏÑ±ÎÇò,2015-05-26T12:19:29.771000,Pk belum juga,0
z12rfprhgnipxnlhy04cifqgxkjaydsw0b4,This Hans,2015-05-26T11:23:52.048000,Tanyain aja bos,0
LneaDw26bFsBtfre7-TAAB3E03wBGNFYTtG5EG4-Zq8,Laura Brown,,"Coy nilai pemob praktik yg sama mz aditya gimana , kok blm keluar≤ pdhl besok krs an",1
LneaDw26bFtg4S7L4GethprEUChZq3UF60r8hc2sHYE,spamworld2009,,Oke,1
LneaDw26bFvF20ISV3_bAs2_rN15DyE6cTqB-iNAgkY,spamworld2009,,Saiki,1
z12oipfxfzrndpzvj22ae30gytqufhgrl04,01FLHT,,Paling lambat kapan bayare,1
z13oulsz0uzyxflr304cjds5jqbmej1b3mg0k,manish srinivas,2015-05-26T10:35:10.230000,Hoo,0
z124hrlillzaw1tpm04cj544rn3ny5zwfmg0k,Rufus Korovina,2015-05-26T08:41:13.177000,Cuk kemaren bayar SPP tetap itu sama dana sehat po,0
LneaDw26bFvwR9MSGUFzCNBEu-3vlO52N93p9T4CRcM,FrostByteRaines,,subzero,1
z12yvpqranrjy3gzk04cf1qbrxrpiforz34,Amy Eller,,Kamy diledekin maah,1
z13fsfeyruulsxerl04ch1aatpbhv31z32c,James Lim,,Alma,1
z13xx5w52svttd3lt23kijvwqtvph5m3l,sparkle princess,2015-05-26T07:39:34.920000,Alma,0
LneaDw26bFuYk-CX66ilV73gcn_vYn4Ixf3g9hRr-QA,Joseph Jackson,,Alma,1
z132sv2requjwv5rt04chf5hvqmlx3taayw0k,Êù•ÂÆâ Rai An Tatsumi,2015-05-26T05:53:58.715000,Alma,0
LneaDw26bFun23MY7WyKqy2ranhq31GL0qSYL-0X9Xg,Joseph Jackson,,Alma,1
z13owrjplrmwwf21b22qzbbjlx3etfoha04,Chutipha Wongsaroj,,Alma,1
z121i1eqppzph3eod04cixfgwknydnfzq3k,railn j sander,2015-05-26T05:32:15.041000,Alma,0
LneaDw26bFvtmJorLbUQjuqmpL7TdjOKPGJT_DGUUJ4,louis canellony,,Maahh,1
z13ye1jj0nmftp3bm04cetp5krufcxpyyg4,Ellen Hamilton,2015-05-26T03:40:15.595000,Maahh,0
z13ptzarkk3efzkwc04cij4pdva4yhqzlq40k,D Maw,2015-05-26T03:14:40.856000,Maahh,0
LneaDw26bFs1RtSwnOjwqXJGQrskf-Ocb9xxtCuif98,AD OSG,,mah,1
LneaDw26bFsTytWDcS_4DFWlbxAlCfw2c_9PIcArNdw,chantel toledo,,mah,1
z12jzbkwfyuzdr1gg04cgzjqdpfgtnm5l04,Chris4chan,2015-05-26T02:55:34.984000,mah,0
z12uzrtwrxnfxrh3h22bzbuhekqzzp4mh,Gro√üdeutsches Reich,2015-05-26T02:31:49.765000,mah,0
LneaDw26bFtQ_DKei9k8hUUWHEzYNvZwn-q5QT2FCVU,Derek Moya,,mah,1
LneaDw26bFsruAgOVpmqyunZmTUad56RMEd1CFlt2uY,Derek Moya,,mah,1
z12xirno0xvlwfz0o22rexjrlyuzyjttn,KING CAPP,2015-05-26T02:31:39.111000,Opah*,0
z13uutbriumnuj3rq04ccbvqlwjuj1srhyk0k,Warcorpse666,2015-05-26T02:27:43.254000,belanja sayuran ri?,0
LneaDw26bFt_sZxaSVD4YYGDWlCcEfLjcNyYrRWcSrg,Eminem King of Rap !,,ri,1
z13kfpwrhzeuvfavb221yxoj3ynsi5vjo04,Warcorpse666,2015-05-26T02:23:11.364000,ri,0
z130druz4w3wdtxpn04cfjjazmugzjtp5i0,General Del√≠cia,2015-05-26T01:47:14.557000,ri,0
z13qgndqwtb0c1z0z23qjj5yivq0djqul,LEGO_01 AND OBRY,2015-05-26T01:15:53.571000,ri,0
z13xxbfocuaewj0jl04cgbcioua2ht0zxjo,miguel Leon,2015-05-25T22:52:54.552000,ri,0
z13kch2hprqkjhr5d04cdlwzkpeuwxljhhs,MajesticFlyingWhale,2015-05-25T22:38:00.654000,ri,0
z12agrbxiwabvrb2g22pfpcqys2eyrwbd04,Candela Camacho,2015-05-25T20:10:45.656000,Pem mobile teori dah keluar,0
z12qidxykke3jnmm522nj3noypyaedja504,Destiny Boatley,2015-05-25T15:08:58.329000,belum,0
LneaDw26bFuRc-oJgCqkRGDhRb4gOA2s1-Katw83fJI,Derek Moya,,leh salah kelas,1
z12osrsgan34db4eh223gbwr4urwhzfzv04,Hugo Gonzalez,2015-05-25T14:33:19.596000,ardhaaa jemput aku,0
z133inhqhvzzctc5z04cfdaqcq2uch04fes,RusPassingGame,2015-05-25T11:04:16.985000,gak ah mau bunuh muzan aja,0
LneaDw26bFv3qdtt-_26444mTK_vLq39DRUsyxXMKkQ,AD OSG,,Kita nyari one piece aja jadi bajak laut fal gak usah kuliah,1
z13rj3tohue0exbkz22iyr3w2rntsfqcm,jameel alnozha,2015-05-25T06:01:01.050000,anjir udah lupa jadi inget lagi,0
LneaDw26bFsY3eyLLIkw8L2IJlhDoVXNDE-9aWVb1s4,Derek Moya,,"Sekarang ga boleh bayar spp lewat transfer, aku waktu smt 3 di peringat kan sama orang bagian keuangan katanya ga boleh transfer",1
LneaDw26bFv1OK5quUOMAxJiN8tdhKPRzQMpB13UZpY,Jerry White,,Abis scr jadi setres semua yaa,1
LneaDw26bFtw9HLRdHT6M-zQCNCHF7b6j-vqweZRKh0,GreenStudioMashups,,Siap,1
z125ef44tkipszbsq22firvzrwqpi3qdd,Andi Arizmendi,2015-05-25T03:30:30.047000,Siap,0
LneaDw26bFsNCzFDEM6x7-7RjXB5NjguHaB7LJf7qFg,dungeonturmoil1 .,,Siap,1
LneaDw26bFtEfMdXUYebOl-nweqjHYVYlY80z53Y4DY,Nick Amodei,,Siap,1
LneaDw26bFshakV1mr8xdnPsZTs4kKWkL20CH_8-gww,George Raps,,Siap,1
z13gwzgyuqaruxcg304ch5lwdwb0wtiztaw,tori strong,2015-05-25T01:56:04.076000,Siap,0
z12xtnzbxomaglq4k04cfzpwiovxizj5l5o,austin green,2015-05-25T01:36:45.928000, I gift u.,0
LneaDw26bFu2MoxKYLTd1zwJ-rs2k3ODQNQUJazVmcU,Frozthax,,Kemarin sore yg rubah tgl an nya,1
z12ai5agdlawczj5x04cfhbr2vuezzvox1s,harold_123,2015-05-25T01:03:35.172000,Oh iya euy terakhir tanggal 22 januari 2020,0
LneaDw26bFtnG00TCBv-OKXOFCWEyHF4LFGUJv7VHNc,Scott Johnson,,tengkyuhh,1
LneaDw26bFvfudvCyyJZYFnbHLToXau89jeMxKEcKTA,Scott Johnson,,22 ketoknya,1
z12lupcjftucw3v0x23ljvuzwpexizp0c,Eko Budi wibowo,2015-05-25T00:33:52.340000,di daftar belanja atau nga?  kata nya blum ada konfirmasi dr kaprodi,0
LneaDw26bFuUfz6WhRf9xiRHsxHm0t4fXYLbcPhB7Lk,Scott Johnson,,td dr bo tanya soalnya daftar matkul yg ada di buku kurikulum apa udh fix ada,1
LneaDw26bFsHybGKD92nHxbPKLFPvfv-HQtTPXZV1B8,Besser Wisser,,Yg punya m bangking tolong dong,1
z13ptttyrxekcdvib04chdepnmqygrnwj4c,Domonic gamer,2015-05-24T23:53:16.454000,Tolong tf in nanti tak kasih cash,0
z12tsbvjay3avf04r04cdzegdkftg5cq5xg0k,Batman,2015-05-24T21:31:02.726000,Nggk ada,0
z12ddzwatzqijxh5p04cfnc5stnkjhbr3zg0k,tommy rincon,2015-05-24T20:59:37.012000,Oh iya makasi,0
z12yc35j4vmxyfghs04ch3jhcyukjpqzvbw,ferri andrian,2015-05-24T14:32:55.194000,ga punya ma,0
z132sv1blzi0xhnld225vncq1niyyhrnr,Ben vW,2015-05-24T14:00:01.233000,Gak punya,0
z131c34acoqgwfkz304ccjertpfugxbrezw0k,ankit gulekar,2015-05-24T13:18:45.489000,Iya li,0
z13lgrngavanillud22bxz05tpe0endag04,pooperscooper71,2015-05-24T13:13:23.397000,Same energy,0
z13ft1vrfyqavjmth23xzt3wumncvb4r204,moisi rrudha,2015-05-24T12:38:17.713000,Iya yan,0
LneaDw26bFu3Z1dDKWlNsmVswLAes4eWImEetoNbAKI,The NeedleWork,,"Bos nanang ada, chat aja",1
LneaDw26bFsgggeU_vbp6eynA9RVJ0qto2OMt6tcgjk,deazy99,,Iya dif otw,1
z12bwhjbwl3twfayl04cjl0bfriocdkauk40k,Adan E,2015-05-24T10:33:48.659000,Ada yang tau konter kuota yang 24 jam?,0
z13wxrnxjxz3wj3tn22sv33o0xyev5jfa,Durgesh Rathod,2015-05-24T09:57:50.220000,Jamal deket jcm,0
LneaDw26bFsILb1-yJtTNbl7IIOeXIvJxxyU3o-EtR4,Yuliya Meow,,Okee bos makasih,1
z12uxprwxwalxml0knzuxzxo5nyichlk1,Steph C,,Sama sama,1
z12sd1khsuqegzwrm04cinlxrpj3gfyydnk0k,BigBird Larry,2015-05-24T09:48:00.835000,bank uty hari sabtu tutup jam brp ya,0
z12avpyabxyzgdpjm04cj5mhyt22jdcbzow0k,Ezequiel Escamilla,2015-05-24T09:45:22.706000,Kayak nya cuma setengah hari tadi aja pagi cuma 2 bank yang buka,0
LneaDw26bFveIkl-BacAwMBXwQ4Sb4AH7IWbGVvmtB8,SnEakiESTG,,ga buka pang,1
z13sdfarvyi4trxew23owjhxfsv2zrmgw04,BigBird Larry,2015-05-24T09:44:44.694000,Saiki menyebalkan,0
LneaDw26bFvomSMK6PblKKPEb52U5F8DKmdq5vbIyNY,√Üle Skittles,,Transfer aja fal,1
z12vu5fysyb2vfbar04cex4q5ue2xb25epc0k,said abdesalam,2015-05-24T07:35:13.754000,Nanti konfirmnya ke yayadan langsung,0
LneaDw26bFttCkyddOJEPH8MvdMEkuYK_CTH-fLEm8E,lisabelb,,Yayasan*,1
LneaDw26bFsC5JIEICo3_lSrLloArwbectyGhPF4YeA,TheGenieBoy,,paling lambar tanggal berapa ya,1
LneaDw26bFtnSSLHdnzuBcuiWsrkKqOQgsyMmAcSnw4,Louis Bryant,,Tanggal 17 wkwk,1
LneaDw26bFu6m-EpCDatW1lzUgnvB4uHV9oZhaYe89A,Louis Bryant,,nyimpen no rek nya ga dif,1
LneaDw26bFtZQLtaItMp2bSQS4mrfYeKiGUTvOg1jrU,Louis Bryant,,No rek ku?,1
LneaDw26bFvdj1Xw8Fetm_0WMQpBnvqzJ4yzcj0jXgA,Louis Bryant,,serius ,1
z120djlhizeksdulo23mj5z52vjmxlhrk04,Murlock Nightcrawler,2015-05-24T07:04:29.844000,Lah iya serius,0
z13xebq4mlyqdda4w04chlsyirr2i54pkjg,kawaii sincebirth,2015-05-24T06:32:57.969000,punya mbahmu,0
LneaDw26bFu5T8bwbIy7eMn91qk-o2L3cJylp6BIwdQ,OriginalFreshB,,Kayanya ada,1
z12ufpawowzutdgvb22gsdiatyi4xf4xq04,Victoriaa Hemming,2015-05-24T06:20:53.534000,Wkwkwk bentar,0
LneaDw26bFu-16wpkbRY_POG-WA_Hnc6J0bNJPD0g-k,Marko Vukoja,,"Di sia jadwal pembayaran berubah , tgl 22 terakhir kayaknya angkatan kita",1
LneaDw26bFv6tN6HSeH4Rgiis0rYR8mu_y8Mh8Ck93Y,MrCurr3ncY,,Oalah tak kira tanggal 17,1
z12otb5xdp3bdhwxo04cg5ga3kqvi1erzfw,Aniyah Wells,2015-05-24T05:09:00.545000,Gak ada euy,0
LneaDw26bFs2NLsTvDF3gXDLwcFi31Wf-kN6cQv8tOs,KeithLinscotts,,"Coba tengok dif , di sia dif bener g? Soalnya tadi aku liat",1
LneaDw26bFu764_yd9zHEi-XoTcdndpOwC39TdrGSRU,Themayerlife,,Bujannya krs an tgl 22,1
z12bwpz4rlrjxzkuo22rfpbhfpz1xdluj,Ke Vin a.k.a. Righteous,2015-05-24T01:57:20.995000,Iti fal,0
z13pi3zgwsqlitvtb23nzjermmfivrvrl04,Shakeema Edwards,2015-05-24T01:27:05.997000,Krs kan tnggal 22?,0
LneaDw26bFvJRNWu0ts5Srp6x9BJYYPEHyXnuEF760k,Alex Weight-Loss,,"Mau nanya euy,  ini nilai belum keluar semua kita ngisi krsnya kapan yes?",1
z13cehkhxmugujbdh23ehzcijlfhcr4h204,Karen Cervantes,2015-05-24T00:15:08.291000,Gak jawab masuk neraka.,0
z12dc1xrjv3zgfpfl22pu5dh4va2upijn04,faith jones,2015-05-23T23:47:20.885000,Manut,0
LneaDw26bFtX5RMSmXwiWyM-cpLU5CtNk9C9QQiT9Lc,Vincent T.,,Tgl 22 di sia nya,1
z12wgbl4exjaf3xu223jej34rlabtjbkz,Rose Bruhns,,Ye masuk surga,1
LneaDw26bFuWopul-gr37Vv-5semureg7PfAdqw3V5c,..xXCoolMultiXx..,,2 hari lagi ya berarti,1
LneaDw26bFssNuHM19vJZwZIDvIkQHDPSkv7woLXuO0,ferhan kifle,,Bangsat,1
LneaDw26bFvdvI7rlQIcNpETWIMuWByXcsQPGKS7EVg,Chris King,,Bangsat,1
LneaDw26bFsEJWfgAAquASY-phBHckFFppU0EKqD-yY,Elias Uchiha,,Bangsat,1
LneaDw26bFtmqnbwore5s5LHQD3cpRwhBYdsz4yXRkM,INCRIVELawesome,,Bangsat,1
z12zcvjo2tbez1mfy23pvjwzckbbcdivp,Melody Peace,,Bangsat,1
LneaDw26bFu1Ru9jx_4ZrghWiGAVmVtFPtTTpL7ihGI,deazy99,,Bangsat,1
LneaDw26bFsOYjjXTrDu7GwukppwT8U_8uWaxcdut44,Monica Lewis,,Kelas Bu Saucha besok krs an nya,1
LneaDw26bFuXMGzeve-9_Piipp0wpaS_5AJyXS2fqJw,Kate Mcdermit,,Persetan dengan saucha saya cinta suyud,1
z13hcfzbesmjhpuzp04ccvzilqvcyj0x3yo0k,Vivek Bhardwaj,2015-05-23T22:14:55.993000,Bgsd,0
z12vcv5xuqq4gvpgu04ch5ah3vyqwzphryc0k,kissmehk,2015-05-23T19:37:52.240000,"Hallo, ada yang tau nama≤ dosen yg ngampu tiap makul di semester 6 gak? biar gak salah pilih wkwk",0
z12mt1p4mljosxzto224jzypky2henlbn04,Sandeep Singh,2015-05-23T17:51:58.957000,"Pak donny,  fachrie,  enny,",0
LneaDw26bFviVGu48zFp_sMMENzTpzWdbhRUvgtprCI,Dengesiz Adam,,Scr,1
LneaDw26bFtleYKQHQZ7EJNapbBNzTiP3Yzy8i_2Dmc,Paiky MC,,susah,1
z12tzpcjazigvrodo22dubixisqhfxtuo,twe enyss,2015-05-23T16:41:29.823000,Yg non penjurusan tau gak nang,0
LneaDw26bFsXWfdCYFbqrDwjflNnbdxcinzjRtW2rzw,FreshX,,masih TOP SECRET.....      biar surprise mothrfckr..,1
z12muxdydqnggz0gw04cgldbmvnlhzuxpu40k,AreWEFaumos Now,2015-05-23T14:24:32.712000,Kurang tau kalau itu,0
LneaDw26bFtNnEGpg7pf921bsfI1m57qBsEWQKlItrk,KC Cassette,,Jaga jaga aja nanti oas udh keluar nama dosennya langsung cabut ganti jadwal wkwk,1
LneaDw26bFsVCGrj_dxDKFtnhKwpdiPRkVcanAW9w7E,markwardist,,Kalau gak cek di daftar dosen yang dulu,1
LneaDw26bFuM4VU33XXogBzYQDxO-q19BsZLZRAklss,Ractive,,Niatnya gini wkwk,1
LneaDw26bFuFItWTKmffBRPA4v3HwunSq-ceF3kwQZ4,Juarez Ounfee,,"Biasanya ga boleh ganti, kalau ga bentrok jadwal nya",1
LneaDw26bFsHGo2NsZjHkppLdvkxCkgu3s2nWi99Oa8,MrJtill0317,,"Ibu Devi, ibu Khalifa, bapak Sukirman, ibu Erlin, bpk yoshep,",1
z133sxsrnzbuwbe2o22iizkhvyicd5z0t,Sawa Jamal,2015-05-23T12:12:59.082000,nk nginceng wes urung ?,0
z13idj4w4yy5g1mx104cd3rwetmew3kq554,Fantasy Mysteries,2015-05-23T12:12:16.470000,Aku liat nama nama ini,0
LneaDw26bFupd-SDZSJybM-YnylZY3yw4Hx0dpG5Ars,deazy99,,Rencang2 sedoyo enten seng gadah buku kurikulum 2017 nopo mboten?,1
LneaDw26bFua7KQM3MpFFLNg9dDrNznsK0wQXgR61YQ,rukshan bieber,,mboten mbah,1
LneaDw26bFtUEhNudjpH0X1gcH2nF0v4w6dhXurctSU,Ashim Limbu,,Menawi ingkang liane gadah Monggo,1
z122j3v55kiwzpqpc04cdxc4elf3zjuir4o,Linda Dipilato,,"Kae ng kamr ku duwur lemari , ngisor Quran jipuk en",1
LneaDw26bFuGts11KE-vf8DxNybKxvOCLkkkExJk2pk,Honest586,,yg di buku kurikulum blum fix ada di daftar belanja kata BO,1
z12ywjeyiwu3jdqvq22ptpzpowithfaz204,hazem bitar,2015-05-23T10:27:43.205000,Buku Yasin kae,0
z12xu1bi1umyxxs2023ejhfpuumozd45n04,Ferhad Babayev,2015-05-23T08:55:42.007000,Gaib berati pak wkwk,0
LneaDw26bFvv8RbyHRBDnA-4Bb1lhF9UlpzJf_5FkWM,Ïù¥ Ï†ïÌõà,,"Up , pernah g di bales jadi males",1
LneaDw26bFvpoWuT_30FVDq9XRmjOIn_01gQXnGANo4,Notorious Niko,,bacot,1
z13csrxzhwnis5zg404cdxpyrpbvtdcocz40k,Boksu Boc,2015-05-23T08:36:40.952000,bacot,0
z13wtn0o5ueli5m4b04cdjnjqzb5xftz4hw,Chelsea Yun,2015-05-23T07:17:09.691000,bacot,0
LneaDw26bFtSk2czbMLQl8KluoXusyGfmZ0u3D3dXek,media.uploader,,bacot,1
LneaDw26bFv2Ps-QqkMShtEbaXEAA7MO4d-ZFRdrrW0,Anthony Konstantinou,,bacot,1
z12ojrdgoryvz5k4n04cidzimov5inlppto0k,Laura Winner,2015-05-23T05:14:55.214000,makasih,0
LneaDw26bFvaBIGMY4DfxNzifyIUm7GOWp8Br9oySEk,DanteBTV,,makasih,1
z13mh5zhdtrcst5xs04cddwzqtz5yhapzf0,LUKAZ G,2015-05-23T04:45:12.703000,makasih,0
LneaDw26bFs9Rg2Ij9HjO7kLn-wwxZttoa9Dx9BEGzQ,armontre,,makasih,1
LneaDw26bFtHPL0j2tW4vknwh8imHXGX4vzYDmr2nhc,Jay Stevens,,Pemob prak Aditya,1
z13cztvzwlzawvszx04cfp3rdma0dlyonso0k,Maria Montana,2015-05-23T04:15:02.178000,Titip,0
LneaDw26bFuMmBaTaA7SRY7EwUqxN2vHR8tDEuQfjRQ,BloodspitsMusic,,Ada,1
LneaDw26bFvPh9xBHNw1btQoyP60ay_WWthtvXCx37s,janez novak,,Ada yang belum bayar SPP tetap?,1
LneaDw26bFvPh9xBHNw1btQoyP60ay_WWthtvXCx37s,janez novak,,Hahah bunda fusing mungkin,1
LneaDw26bFuQPBnfEIFhEOee5UVNZ-dSDr4EIsxWocE,Adam B,,Gatau hahaha aku di kasih itu sama anak kelas E,1
LneaDw26bFtoHCZ_b-m1MyTEpaNHWvF8VmCFhVRFMgU,HEADSHOT946,,Ulahnya bunda?,1
z125w1ejhpqzinkmb23jej34rlabtjbkz,Rose Bruhns,,Bacot penis hitam,1
LneaDw26bFtJyeoa9E-59ntF4zGVkZb4OaitZmuvNyw,Noise‚ÄãBreak,,Bacot,1
z12xyzfbixyuxf5wm04ccn2inoiyevdqwgo,PDV10,2015-05-23T02:32:21.664000,Bacot,0
LneaDw26bFsltJodWnZAafXscqrATBuKDM8-8lA4TQE,miamiscraziest,,Bacot,1
LneaDw26bFvSkELgnp-ZdS5ZiYbn_tFmogawXBUucN4,Ked Woodly,,Makasih o,1
LneaDw26bFtxWo398a4IB63xJxVOTtPd1Xqz0vPfw9s,Ractive,,punyaku kok udah,1
z12wyxvyuyiach5og04cclng3ujizpmbtg0,dmrc43,2015-05-23T02:13:21.735000,Emang sama dosen nya,0
z12qv3vybobijlzot04cjvqwxrnvvlzrs50,Unitedstates America,2015-05-23T02:13:15.643000,Semester ngarep ki TA om,0
z13rzhjaxxr3z1t4504ccvlp1uqnddvqoyg0k,Kate Love,2015-05-23T01:14:31.812000,5-7 6-8,0
LneaDw26bFvjY8Hcx4VMm_TW6lDgVntTQMvU8NjWnEU,FaZe MinEz,,Owh iya beb.,1
z12zz5eqkxqfzxcof04cjfow2lf5c53hbcc,Nader sheckler,2015-05-22T23:24:03.588000,form pendaftaran asisten praktikum: https://forms.gle/w1Mx2RxAmHvgWbnP7,0
z12agzlqdsjwthnkc23sfxaofvjoevvx204,Lily Barboza,2015-05-22T22:36:11.416000,"yg mau daftar, asisten praktikum prodi TE.",0
LneaDw26bFtE0-kLDaaiizhZVUyP1tE0FLTPo6TPFPY,Amir bassem,,Aku boleh?,1
z12wddhwuqintd14y04cif5i5z3vxjfwd5s,Elsa Ekokobe R√∏nning,2015-05-22T22:19:43.707000,"boleh, silahkan yg berminat",0
z12scbmwdyaogtjcc223gjn4dpzmerkt3,Angie Schear,2015-05-22T16:01:46.636000,Gak mau ah,0
z13gdxtwjrjoczd5h04cejcqqpedxxoyn34,Aleesha Hoover,2015-05-22T14:44:13.619000,Buat apa bagi2 ilmu,0
z13affyr3pbbxv0ur235g3dptufrtb5zl04,Manikencheto Metodiev,2015-05-22T13:13:00.927000,Mending bagi2 duit,0
LneaDw26bFuH6iFsSrjlJLJIX3qD4R8-emuZ-aGUj0o,Amir bassem,,"Iya nih,  @Rezal Reinaldi @Rio @ALma Cantik sawer aku doonggg",1
z12jutrbiwf4x3mn4224ht3bsn3bwrfqz04,Laighla Owens-Teague,2015-05-22T12:37:59.803000,bagi bagi link,0
LneaDw26bFuH6iFsSrjlJLJIX3qD4R8-emuZ-aGUj0o,Amir bassem,,Javhay.net,1
LneaDw26bFspwHUoVH2c1_LONmdspcoJ2HoRzSx0cV8,Jason Viens,,by Andmesh,1
LneaDw26bFulIEwMLpMhW9hdZ7Zlfu8GwVEpN5x1LXc,killtheclockhd,,Tulus padamu,1
LneaDw26bFsZ8_-MJ2YdPL4dt9_QKyP6RI_K_Gt7jIM,LaMusician,,Yang kupunya hanyalah hati yang setia,1
z13wxtdpeznid12et23ogtd4zoyvzbnoz04,Sonny Carter,2015-05-22T11:46:35.988000,Aku tak punya harta,0
LneaDw26bFuKSv_W4OOCnX-bIBR37W0G13MKHZrFVzI,Terry-Lee Mackenney,,Aku tak punya bunga,1
z13ucdta5ub5djl1d235wndifoybg5lkt,Amie Rutledge,,enak,1
LneaDw26bFtALaOnhQgvfdsxEfR5GGMiiqg8sneY-xg,Drake Gagne,,enak,1
z13ryrrbkny0czdvv23vizoopmmmgxtax04,Angie Medina,2015-05-22T10:58:24.072000,"Mangkanya jadi atheis,  bebas ngewe",0
LneaDw26bFusJ2z8NldBy-Z5iwzOQ6CPi1ryYyOhzD4,Drake Gagne,,AOWKWKKWOAKA,1
LneaDw26bFtI-0_UfYJ5VmhFKI63wbPsqzmdZkuvXd4,Andrew Guasch,,AOWKWKKWOAKA,1
z13kuhmwfyvkw5fii04chjfr4yfnvrcht5k,Intan  Nadia,2015-05-22T09:38:22.793000,AOWKWKKWOAKA,0
z12oczujeqz2xn2lq234ijdzurmdynx5m04,Quinn and Mia Channel MattyB101,2015-05-21T22:48:59.766000,AOWKWKKWOAKA,0
LneaDw26bFuR9smjLJUhkDMS-5WcFp80WGZVHVi9Tsw,Butter Forbes,,Tutor dong,1
LneaDw26bFvgKZJfckgl7OJXXu6v0YtHfhlRTURbhdY,Ractive,,Kyk pernah ngerasain aja,1
LneaDw26bFu8sZa1D5wQdex0wG1IYwFiZL4s3M0h2X8,M.E.S,,Kalian kok suka ngewe sih,1
z12rhdkrvvy3hd42c23whdeavkjdxnimg,viviane trinh,2015-05-21T22:35:35.753000,za,0
LneaDw26bFs3BLHRkaxpe2sWBWSCyXU7mlRbxEYSvQg,Greg Fils Aim√©,,za,1
LneaDw26bFsI21zTVPXTHR0k0-oXBY--24NIE1lGPuk,rap classics,,za,1
z13zdpqz0qflhrha104cdxir0pbct3v4iys0k,France Silva,2015-05-21T21:54:55.768000,za,0
LneaDw26bFs2opcXPZ0Hnufen7TS94xBoLm5NO5l30U,Adam B,,za,1
z13qczlqnoqajv4rd04ci5arplmksbi5yq00k,Andrew Willigar,,za,1
LneaDw26bFsnJbhjejnJC_J6d5sHIH1B9UYVbAUc9KM,M.E.S,,za,1
z130zx3rrzagwzclr23vxjypimviff23m,Huda Salah,2015-05-21T21:34:27.615000,za,0
z12pvhp42ouayd1xx04cgl4a4wu3sxmqnlw0k,SBG | Zombies,2015-05-21T20:37:21.421000,za,0
LneaDw26bFtY8pq4RbqsCPRkV04NOObMB3THlsTf9og,superfacoo,,za,1
z13twpph2vq5zv15k04cixdrfubnxh3oqz40k,Seth Ryan,2015-05-21T20:04:42.844000,uwes pernah ja?,0
z13zc5rw3l3vw1fey23rehuylwzfcx5rt04,Seth Ryan,2015-05-21T20:04:36.016000,akwoakwaowk tau tu dia tanya2 mulu suka nya rasanya gimana,0
z12ittrwwxexxzwve23rehuylwzfcx5rt04,Seth Ryan,2015-05-21T20:04:26.473000,Furqon itA,0
LneaDw26bFuhuiZ8uX6C-qYLIsOFj9BIWtKWtCz870c,Lizzy Molly,,Furqon itA,1
LneaDw26bFvhyHSmfm28L9EGvDJ-bou6Ze3cVbgCtgU,marion guy,,Furqon itA,1
LneaDw26bFsdjmaguMUCSqsUShQZWX4FLU2c58BV1mM,diabeat diaBEAT,,Furqon itA,1
LneaDw26bFvA7_ot-Z3kQHP4GTE3g_Zc2fsfdZ4COpI,Adam B,,Furqon itA,1
LneaDw26bFtdk45hGIs0TDD3NHx1srFG99yWWbEIXG0,Domen Kristan,,Furqon itA,1
z132g5pqsr3wi3x5s04cerbyxuipctqg0hk,scott boshaw,2015-05-21T19:57:17.180000,Furqon itA,0
LneaDw26bFsPpgYyHcGAJk2dyALknpZ1ITQKBmY32HI,Chelsea Cameron,,Furqon itA,1
z13zudmjvnayvjjfq232xdtghk33thhtk,Juan Aimar,2015-05-21T18:52:17.472000,kon masok kon,0
LneaDw26bFuiTZZU8HrWJPqWfqnrKTtUXy7-rTnPwfU,Lil M,,TEKNIK INFORMATIKA A,1
LneaDw26bFuKZRaKv1u8jqanxsDr6RJraSjf2FfE1_Q,AdmiralMusclebeard,,belum aku masih perawan,1
z134i3ya3xn2cthzj04cef445l21ylwxzmc0k,Smitty Werben Jaggerman Jensen,2015-05-21T18:44:38.982000,ali,0
LneaDw26bFuULuFdET2q7Xmn9oRQXq3oLyk8736meZ0,Kate Hermamn,,ali,1
z13hijmrykjqerofg22ktxgzuw3yhrbgl04,Gerg≈ë ‚ÄúVlog14‚Äù Csatorn√°ja,2015-05-21T18:34:39.389000,ali,0
LneaDw26bFvuJSk9kaYj6_W0OBzf4mgoIFuYUzJMheY,Brandon Thaler,,ali,1
LneaDw26bFtRu4tHavOZ4hr-PDVn2oz-9B1QtAfp6pc,david rodriguez,,ali,1
LneaDw26bFu8afPj-GzbZYFHKXzdkhupARKxWs82nbQ,Dominic Randall,,ali,1
LneaDw26bFuaZPTjLG-5OtrrXQgL6TPsWkeKzNnMJ0c,Unbeweavable Co,,ali,1
z13eenia5rqwhvmyw04cgt441wapvbkakzo0k,faisal joy,2015-05-21T18:24:19.018000,Bacot ali,0
z13isrygru30wbjmy23refqxdzizyp3xy04,Ala Fatah,2015-05-21T18:00:06.674000,Rek,0
z12yupsicr33xvw5p04cglpwizi2tboyzgc,T MAN,2015-05-21T17:41:48.433000,Punya buku panduan terbaru gak,0
LneaDw26bFtpMGuaegzvwo3PCtnpRUXnTXAHz_DzpKA,GhostPoet100,,nang,1
LneaDw26bFtLCuPUezUBnuN6f0sN3V3nso0Yllu9mKU,Terry-Lee Mackenney,,nang,1
LneaDw26bFvq7Rq_343ImPD-uDHf2clFCLMRkYqXPX4,Tiffanythebest,,nang,1
z13gdjzydor2enadz23ezhxpyxilvrtak04,Gail Weir,2015-05-21T16:53:59.328000,nang,0
LneaDw26bFvk4DAhUcCJKLzujguS_mf4eS_LdZjARzE,M.E.S,,nang,1
z12uxxzoxvexs1mdr23yvddbpl33gr4mf,Chris Bieber,2015-05-21T15:55:45.911000,semester ini apa bisa ambil makul semester atas ??,0
z12kylpz1wzwgt0pd04cjptp4wjxjdeotnk0k,Levi Cole,2015-05-21T15:03:22.787000,Yoi,0
z12uefkbwv2md3dbz04cg3yoqp2ngfgibqg0k,Ashley Jsade,2015-05-21T14:36:34.512000,Besok mk pilihan nya apa aja,0
LneaDw26bFvxJlVsbYMPkvV3LnT9JOJjEg5OsTN9pMo,Josh Dummett,,Buat sidang kp,1
z121z5mziy20ybch504cdziq1rvcev5apg4,Furashious,2015-05-21T12:41:55.505000,Serius dhif,0
LneaDw26bFtl5IRz0aJhyk-Id8DQ1p28SKectuNzbmE,Davide Puzzanghera,,Kita pake yang lama,1
LneaDw26bFuk1aaBCiVITRxuEwAmzBtVcQi3QZSFkYY,AvidorFilms,,"Gatau pak, aku juga mau ambil sem atas tp gabisa",1
z12qy53q0kfzxby4304cflvpxnr1gxjrlrg0k,nepart maxx,2015-05-21T11:46:27.413000,suyud,0
z12rdtlarmrzxhuba04cibjomsiqi3ij00g,Paul Buxton,2015-05-21T11:12:22.066000,suyud,0
z123wdtwhmnngjhat04cgtu5oyibstyopnw0k,vZoqwa,2015-05-21T09:48:06.926000,suyud,0
z13eznubuwixt3aae04cgb150t2nup2ba3o,Vence Cerbo,2015-05-21T09:19:36.091000,suyud,0
z12kf5dyltrijhepb04ccltibzijd5wa1mc0k,liu hui (dukegod),2015-05-21T05:12:43.987000,suyud,0
z13ihhrakmndxblzo04chpp53nn2xbja1fc,Emma Halbrook,2015-05-21T04:46:05.790000,suyud,0
LneaDw26bFuYnpb0cG3d_koRWn2FHQ6OFrPiqjFHeEs,Beats ProdByATHS,,pak suyud,1
LneaDw26bFt75QYI94b9j7RqQCUgwrDwiHbnb1uwpxo,RaMpAgE420,,pak suyud,1
z13ehf4g5z2rivxhm04cfjdyhl2kwljzsjs,Andr√©s Nu√±ez,2015-05-21T02:11:54.710000,pak suyud,0
LneaDw26bFuisc-qZu0BerSXLLjgKlxUD59lcMA8W_E,Stricker Stric,,pak suyud,1
z12jt1dbdpbvzzyi304cdxr4cwqkgrild,Susan Ambs,,pak suyud,1
LneaDw26bFsNko3TEEPMTxWPlFophSSKkSqvjRsENU8,arrgh garry,,pak suyud,1
LneaDw26bFuUhekP0nDAiaqnW5sf4OD14dIjY-1o63c,RapStarz Coleman,,pak suyud,1
LneaDw26bFvRgBzOd9MQ1jh0Cmt8vuPTQvOZboi-s24,Nicholas Reed,,pak suyud,1
LneaDw26bFsMrQMk1vC-RxTxjmpFlt5sKz8Vo1_wIas,M.E.S,,pak suyud,1
z12gdzyrqwvtvxfek230jnvp1zf4hjl3w,Carolina Sanchez Cifuentes,2015-05-21T01:06:57.289000,suyud,0
LneaDw26bFtHv3jHn8C0y5MliNA2oqkPogUL4HmsZPQ,Lil M,,coba konsul sama pak suyud men,1
LneaDw26bFt-gGO-C3czQDS4cqE7xJfKoKqWmMIlSWc,HOTFUZZOFFICIAL,,yol,1
LneaDw26bFuFgDF5yE6Udiuv2lqie4iaimFPdN7rvYk,Nikola Vejionvic,,yol,1
z12qg5voponpgxwot04ci3txdw24ejr431g,Jp Galeanoo,2015-05-21T01:05:43.761000,yol,0
z13pup2w2k3rz1lxl04cf1a5qzavgvv51vg0k,geraldine lopez,2015-05-20T23:44:25.920000,yol,0
z121hftrpqicztwq404cjvvzknqoupxxsxw0k,Daniel Tabatabai,2015-05-20T22:58:46.199000,yol,0
LneaDw26bFuADByLeh7RnEltROTIUCqeYYXmt51DT2g,M.E.S,,yol,1
z12jy5544qedxbgfq235ufyqbxqkzxbjl04,Brian Fletcher,2015-05-20T22:52:14.890000,yol,0
LneaDw26bFsw47hS3RAHCBj_uNPFQNZVbUVyx5Rh9zk,KOZZI RAP,,yol,1
z13mxl3zavzfc55as04ccf4ifo2textrofs,Honesty Wright,2015-05-20T19:58:06.997000,TEKNIK INFORMATIKA A,0
z12midepsoiuxzmh304cjt0ihn3js1k4f1c,Marcellus Scates-nash,2015-05-20T19:58:01.440000,wy,0
z12pwjsybq35ux1kd22cddmjpunribtzf04,Ikram Riani,2015-05-20T18:53:35.943000,wy,0
LneaDw26bFv9y-1cf9oawnpCocMFtK6HXTRuoffJR2k,Complete Pranks,,wy,1
LneaDw26bFs2GO5DvyLUXUhG7rNJ-Gb4pMhtnYgCRmY,ryan cooper,,wy,1
LneaDw26bFvwhMGEs3mKR9qcJjIwC7L04F9DEGkLQfY,Drake Gagne,,wy,1
z12lxrwx2vmxwv4m422dz30wmzbjfji4r04,Joao Victor Canassa,2015-05-20T17:41:30.002000,wy,0
z12mwbgxhxvjez3xb04cg1wxrvnytzrq5kk0k,Mortal 2,2015-05-20T16:32:56.261000,2. Imternet of things,0
LneaDw26bFtxoMQMT4RjErJZWpjMtHBcA7QsnHKvXRI,jacobvine2000 .,,2. Imternet of things,1
z13mchmibkr2irldm235xnn5umjruplia04,Vevo Ny,2015-05-20T15:34:47.099000,1. Pemrog mobile lanjut,0
LneaDw26bFt3FLe7NEx2Gc7jToE3LwT1LrpIpyY48E8,KOZZI RAP,,WEM,1
z12ahr2ittmsjrtpd04ccrqiklvvu3uqiew,Giovanni Satta,2015-05-20T09:10:44.658000,2..Adm.web server,0
LneaDw26bFsYJ3OzV2q22gR6I5MvSlIF8ve1WpZHnqg,KOZZI RAP,,3. Sis tersebar,1
LneaDw26bFtlox7jDN60_ys-XolAIlgwwc5y6aEKR68,M.E.S,,1. Tek keamanan komp,1
z12gzbzzzkvwtj5zr04cjf4q0yeztldz4ic,Hazeandrymojilip Hazeandrymojilip,2015-05-20T03:47:31.476000,KKO,0
z13gcjvh2naxyvshh04cjldgtpnyfrdylq40k,Aubone LeMieux ,2015-05-20T03:15:39.925000,3. Big data,0
LneaDw26bFuDsbyypF_jwmq7b6BqQPB7BdLbhfqBU5c,M.E.S,,2. Fuzzy logic,1
z12njnpwmuyxzrslm22ly1awll2dufkvi,Isabel Flores,2015-05-20T00:49:34.070000,1. Pengenalan pola,0
z13osfmj5m2kj1cb504cjrdbyvzijtu4gtk0k,Harl Bever,2015-05-19T23:23:30.286000,Sem 6 SCR,0
LneaDw26bFs2eQd05L_J9wVmiBlCClqLnM0JUQsB-3Q,YungDreams,,Eh teman teman Ada yg mengambil semester bawah kah?,1
z12acz2r2qiwxtpwy04cihii5rmwefpzeao,InfernoGaming,2015-05-19T23:19:47.316000,Ada,0
LneaDw26bFtvkPwGL4MxnAUFaIznH1ZWx7z_qBOoe5Q,Trey Curling,,Semseter atas kan cuman ada ta men,1
z13tjzdqhsmvvh2kr22isbsg1nmydd51v,Earline Craver,2015-05-19T22:35:44.690000,"pemograman mobile teori pak yosef, sampai hri ini blum kluar",0
z12hc5yiuwr2sxml3230sxo4tofwftg1b,TheFegi12,2015-05-19T22:30:57.239000,Ngambil mk yang akhiran kode 18 boleh engga sih?  Apa harus akhiran 17.untuk mk semester bawah,0
z132ebdhkwbauzogm04cfzm5oqigzzlxznc0k,cristina virrueta,2015-05-19T21:51:44.586000,Pada ambil pengenalam pola nggak yes?,0
z12aczswnozdwrfnj22usfnxymiaylupi04,nataly gonz√°lez,2015-05-19T21:49:18.833000,Aku iya,0
LneaDw26bFs4Mo3Kr9O93YAlCksPNemAPve_W-ivuMc,RapStarz Coleman,,Tp g bakal masuk kelad,1
z12xc1aydoauenbgx04cgfkazxrpur2i52o,Nicky G,2015-05-19T20:56:00.184000,dhif,0
z125dnzbqpyqxlghe04cdxsgaxnovjvbxq00k,Uday Kanwar,2015-05-19T19:30:58.135000,dhif,0
z12gcfvpsr3au3vg104cdpw5rvbivre5aeg,Jorge Salazar,2015-05-19T18:13:35.054000,dhif,0
LneaDw26bFsZrH_q8nAlrNCOT1Zadc4j8zPu-ZPpwIE,Stacy,,dhif,1
LneaDw26bFv1lZ_yx4_HlVx6xNa0xuiUmgoIsxkWJ3E,seven4justice,,bro,1
LneaDw26bFsnP4vz8waC3hOcYwvM83aoMLyetymm5Io,McCostaOficial,,bro,1
z13gxxlhyrmccf10422gdrogiwbjtfwjb04,Ahmed Medhat,2015-05-19T15:23:47.680000,yes,0
z13auv44szqpddlcz22qgthjakq4jvnbw04,clirim99,2015-05-19T12:13:44.952000,Big data ada yang ambil?,0
z13gut3rexalj5q5c04ciln54nynvjwyinw0k,Sonny Carter,2015-05-19T11:11:27.740000,Oke i ada temen berarti,0
LneaDw26bFtn6YS8GRfHBxoaZZI5newNd0njNOSeF84,canku alkan,,semester 7 men,1
z12eilv44ynefj2ys04cj5vhynakxbnwrdk,BAT MAN,2015-05-19T10:33:12.247000,Gak boleh men,0
z12vx3kz4lq3cnsiu04cejd5bne1gxnjbqo0k,Str8 Royalty,2015-05-19T09:46:37.599000,"Ambil semesternya harus genap sama genap,  ganjil sama ganjil",0
z12lhvxwjyzperfrk04cg13yoyjefnv5hy40k,BEER BEER,2015-05-19T09:42:56.560000,Btw ini kok jadwalnya jelek banget ya,0
z13zjp3povzzsp3xi04cgvtgwpfiy1faigo,dimitar traykov,2015-05-19T09:35:31.114000,Yang big data,0
LneaDw26bFvEGhYWZTzIRiff9BXME_JsdLXh4hiJEqo,Daniel Ebrey,,Masa sabtu masuk anjir,1
z13vxnwwdxjqtlp5v04chjpw1waps5rrbqo0k,Punk 0utlaw,2015-05-19T06:14:30.089000,di edit cb dhif,0
z13zejcafsrodf5f522xgn0xzonselufv,Daniel Harding,2015-05-07T22:59:13.323000,di sia,0
LneaDw26bFvJWycbUHAiKy7i7L14RqXWenvvcJhwbQE,David Bottenberg,,Jum'at Gak ad,1
LneaDw26bFsFwQBcbaeKWWcSsBB7EA1zRf2nBgT9NyY,Ashim Limbu,,Jumat sholat ya,1
z13zfhkhfzrpjhgku22ewbtj4quri3izo04,Amaral Shady 013,2015-05-07T22:43:51.220000,Ngapain kuliah,0
z12msjqximryxdfz104cjhbhtw2ld5ipsh4,SIR JOHN,2015-05-07T02:28:12.704000,Nasi,0
LneaDw26bFvn1m3oQLlCgsaxLcEy_eMQzcK9NAbyaew,M.E.S,,"Bisa emang,  kan harus pake power of sutud",1
LneaDw26bFv4NFg1m91sL1Aq1p-2N06VweQT4vOwTqc,Ando Nesia - | MC | Music Producer,,Suyud,1
z12wvru4rzf5jx0wj04cgx5q1qi1w554ba0,Erin Williams,2015-05-06T17:19:21.193000,Ya ambil nasi kotak la,0
LneaDw26bFsVQRSG0ecctIfRIn4Od1tJqvnhDwCNqbI,the34104,,"bisa ,cb aja di edit",1
LneaDw26bFu3RCmyrWyP9S6wh1h9dBv3X95g1HzKAb4,Dany PK,,Iya bisa,1
LneaDw26bFsD65dtIvAEObWYIYnFTqQDKBek_Ypz3J8,SmexyFriedChicken,,2 lebih baik,1
LneaDw26bFuvs-8oWkLpAFa6g3QHpWD8k7sbbMP3Bg8,The Guy That's Done Everything,,udah masuk Islam belum ?,1
z12hfp2wmyuqztkw504cgblyxtbsxjuzeow0k,Jesse Pinkman,2015-05-06T11:42:44.601000,Eh aku selama ini banyak dosa banget ya bro,0
z13tsbc5vvn0hdozz04chjt51lq1cvris0k,Gaming Gaming,2015-05-06T10:56:35.972000,Ajari aku ke jalan yang bener dong,0
